epoch,accuracy,auc,learning_rate,loss,val_accuracy,val_auc,val_loss
0,0.9647499918937683,0.9988250136375427,9.999999747378752e-06,0.1367967277765274,0.996999979019165,1.0,0.07716140151023865
