epoch,accuracy,auc,learning_rate,loss,val_accuracy,val_auc,val_loss
0,0.9252499938011169,0.99312424659729,9.999999747378752e-05,0.19661679863929749,1.0,0.9999999403953552,0.04972768947482109
